[{"line":1,"elements":[{"line":5,"name":"","description":"","type":"background","keyword":"Background","steps":[{"result":{"duration":7183000000,"status":"passed"},"line":6,"name":"Open the browser and Navigate to Login Page","match":{"location":"StepDefination.Defination.open_the_browser_and_navigate_to_login_page()"},"keyword":"Given "}]},{"start_timestamp":"2022-01-18T10:25:13.742Z","line":15,"name":"Enter a valid scenario","description":"","id":"to-validate-login-features;enter-a-valid-scenario;;2","type":"scenario","keyword":"Scenario Outline","steps":[{"result":{"duration":4248000000,"status":"passed"},"line":9,"name":"Enter valid username as \"rudro.choudhury@moolya.com\"","match":{"arguments":[{"val":"\"rudro.choudhury@moolya.com\"","offset":24}],"location":"StepDefination.Defination.enter_valid_username_as(java.lang.String)"},"keyword":"When "},{"result":{"duration":1722000000,"status":"passed"},"line":10,"name":"Enter valid password as \"abcxyz123_\"","match":{"arguments":[{"val":"\"abcxyz123_\"","offset":24}],"location":"StepDefination.Defination.enter_valid_password_as(java.lang.String)"},"keyword":"And "},{"result":{"duration":173000000,"status":"passed"},"line":11,"name":"Click on Login Button","match":{"location":"StepDefination.Defination.click_on_login_button()"},"keyword":"And "},{"result":{"duration":17692000000,"status":"passed"},"line":12,"name":"Click on logout button","match":{"location":"StepDefination.Defination.click_on_logout_button()"},"keyword":"And "}]},{"line":5,"name":"","description":"","type":"background","keyword":"Background","steps":[{"result":{"duration":5838000000,"status":"passed"},"line":6,"name":"Open the browser and Navigate to Login Page","match":{"location":"StepDefination.Defination.open_the_browser_and_navigate_to_login_page()"},"keyword":"Given "}]},{"start_timestamp":"2022-01-18T10:25:44.937Z","line":24,"name":"Enter a invalid scenario","description":"","id":"to-validate-login-features;enter-a-invalid-scenario;;2","type":"scenario","keyword":"Scenario Outline","steps":[{"result":{"duration":5288000000,"status":"passed"},"line":18,"name":"Enter invalid username as \"abc.choudhury@moolya.com\"","match":{"arguments":[{"val":"\"abc.choudhury@moolya.com\"","offset":26}],"location":"StepDefination.Defination.enter_invalid_username_as(java.lang.String)"},"keyword":"When "},{"result":{"error_message":"org.openqa.selenium.NoSuchSessionException: invalid session id\nBuild info: version: '3.141.59', revision: 'e82be7d358', time: '2018-11-14T08:17:03'\nSystem info: host: 'DESKTOP-9DI402V', ip: '192.168.47.1', os.name: 'Windows 10', os.arch: 'x86', os.version: '10.0', java.version: '1.8.0_181'\nDriver info: org.openqa.selenium.chrome.ChromeDriver\nCapabilities {acceptInsecureCerts: false, browserName: chrome, browserVersion: 97.0.4692.71, chrome: {chromedriverVersion: 96.0.4664.45 (76e4c1bb2ab46..., userDataDir: C:\\Users\\user\\AppData\\Local...}, goog:chromeOptions: {debuggerAddress: localhost:57602}, javascriptEnabled: true, networkConnectionEnabled: false, pageLoadStrategy: normal, platform: WINDOWS, platformName: WINDOWS, proxy: Proxy(), setWindowRect: true, strictFileInteractability: false, timeouts: {implicit: 0, pageLoad: 300000, script: 30000}, unhandledPromptBehavior: dismiss and notify, webauthn:extension:credBlob: true, webauthn:extension:largeBlob: true, webauthn:virtualAuthenticators: true}\nSession ID: 9ec59040f3a6629e24f795208a228239\n*** Element info: {Using=name, value=password}\r\n\tat sun.reflect.NativeConstructorAccessorImpl.newInstance0(Native Method)\r\n\tat sun.reflect.NativeConstructorAccessorImpl.newInstance(NativeConstructorAccessorImpl.java:62)\r\n\tat sun.reflect.DelegatingConstructorAccessorImpl.newInstance(DelegatingConstructorAccessorImpl.java:45)\r\n\tat java.lang.reflect.Constructor.newInstance(Constructor.java:423)\r\n\tat org.openqa.selenium.remote.http.W3CHttpResponseCodec.createException(W3CHttpResponseCodec.java:187)\r\n\tat org.openqa.selenium.remote.http.W3CHttpResponseCodec.decode(W3CHttpResponseCodec.java:122)\r\n\tat org.openqa.selenium.remote.http.W3CHttpResponseCodec.decode(W3CHttpResponseCodec.java:49)\r\n\tat org.openqa.selenium.remote.HttpCommandExecutor.execute(HttpCommandExecutor.java:158)\r\n\tat org.openqa.selenium.remote.service.DriverCommandExecutor.execute(DriverCommandExecutor.java:83)\r\n\tat org.openqa.selenium.remote.RemoteWebDriver.execute(RemoteWebDriver.java:552)\r\n\tat org.openqa.selenium.remote.RemoteWebDriver.findElement(RemoteWebDriver.java:323)\r\n\tat org.openqa.selenium.remote.RemoteWebDriver.findElementByName(RemoteWebDriver.java:404)\r\n\tat org.openqa.selenium.By$ByName.findElement(By.java:284)\r\n\tat org.openqa.selenium.remote.RemoteWebDriver.findElement(RemoteWebDriver.java:315)\r\n\tat org.openqa.selenium.support.ui.ExpectedConditions$7.apply(ExpectedConditions.java:205)\r\n\tat org.openqa.selenium.support.ui.ExpectedConditions$7.apply(ExpectedConditions.java:201)\r\n\tat org.openqa.selenium.support.ui.ExpectedConditions$22.apply(ExpectedConditions.java:641)\r\n\tat org.openqa.selenium.support.ui.ExpectedConditions$22.apply(ExpectedConditions.java:638)\r\n\tat org.openqa.selenium.support.ui.FluentWait.until(FluentWait.java:249)\r\n\tat StepDefination.Defination.enter_valid_password_as(Defination.java:40)\r\n\tat ✽.Enter valid password as \"abcxyz123_\"(file:///C:/Users/user/eclipse-workspace/Random/src/test/resources/Login/pqr.feature:19)\r\n","duration":267000000,"status":"failed"},"line":19,"name":"Enter valid password as \"abcxyz123_\"","match":{"arguments":[{"val":"\"abcxyz123_\"","offset":24}],"location":"StepDefination.Defination.enter_valid_password_as(java.lang.String)"},"keyword":"And "},{"result":{"status":"skipped"},"line":20,"name":"Click on Login Button","match":{"location":"StepDefination.Defination.click_on_login_button()"},"keyword":"And "}]}],"name":"To validate Login features","description":"  1) Valid Case \n  2) Invalid Case","id":"to-validate-login-features","keyword":"Feature","uri":"file:src/test/resources/Login/pqr.feature","tags":[]}]